episode,adaptive_recall@3,adaptive_mrr,static_recall@3,static_mrr,bm25_recall@3,bm25_mrr,contrastive_floor_recall@3
0,0.2833,0.4908,0.2833,0.4908,0.2833,0.5158,0.2833
1,0.4667,0.9225,0.2833,0.4908,0.2833,0.5158,0.7167
2,0.5833,0.9225,0.2833,0.4908,0.2833,0.5158,0.8167
3,0.6000,0.9225,0.2833,0.4908,0.2833,0.5158,0.9667
4,0.6500,0.9225,0.2833,0.4908,0.2833,0.5158,1.0000
5,0.7333,1.0000,0.2833,0.4908,0.2833,0.5158,1.0000
6,0.7500,1.0000,0.2833,0.4908,0.2833,0.5158,1.0000
7,0.8333,1.0000,0.2833,0.4908,0.2833,0.5158,1.0000
8,0.8333,1.0000,0.2833,0.4908,0.2833,0.5158,1.0000
9,0.8500,1.0000,0.2833,0.4908,0.2833,0.5158,1.0000
10,0.8833,1.0000,0.2833,0.4908,0.2833,0.5158,1.0000
11,0.8833,1.0000,0.2833,0.4908,0.2833,0.5158,1.0000
12,0.8833,1.0000,0.2833,0.4908,0.2833,0.5158,1.0000
13,0.9167,1.0000,0.2833,0.4908,0.2833,0.5158,1.0000
14,0.9333,1.0000,0.2833,0.4908,0.2833,0.5158,1.0000
15,0.9500,1.0000,0.2833,0.4908,0.2833,0.5158,1.0000
16,0.9833,1.0000,0.2833,0.4908,0.2833,0.5158,1.0000
17,0.9833,1.0000,0.2833,0.4908,0.2833,0.5158,1.0000
18,0.9833,1.0000,0.2833,0.4908,0.2833,0.5158,1.0000
19,0.9833,1.0000,0.2833,0.4908,0.2833,0.5158,1.0000
20,0.9833,1.0000,0.2833,0.4908,0.2833,0.5158,1.0000
21,0.9833,1.0000,0.2833,0.4908,0.2833,0.5158,1.0000
22,1.0000,1.0000,0.2833,0.4908,0.2833,0.5158,1.0000
23,1.0000,1.0000,0.2833,0.4908,0.2833,0.5158,1.0000
24,1.0000,1.0000,0.2833,0.4908,0.2833,0.5158,1.0000
25,1.0000,1.0000,0.2833,0.4908,0.2833,0.5158,1.0000
26,1.0000,1.0000,0.2833,0.4908,0.2833,0.5158,1.0000
27,1.0000,1.0000,0.2833,0.4908,0.2833,0.5158,1.0000
28,1.0000,1.0000,0.2833,0.4908,0.2833,0.5158,1.0000
29,1.0000,1.0000,0.2833,0.4908,0.2833,0.5158,1.0000
30,0.0000,0.2275,0.4667,0.6583,0.4500,0.7500,0.0000
31,0.0000,0.2375,0.4667,0.6583,0.4500,0.7500,0.0000
32,0.0000,0.2450,0.4667,0.6583,0.4500,0.7500,0.0000
33,0.0000,0.2475,0.4667,0.6583,0.4500,0.7500,0.0000
34,0.0000,0.2500,0.4667,0.6583,0.4500,0.7500,0.0000
35,0.0000,0.2500,0.4667,0.6583,0.4500,0.7500,0.0167
36,0.0167,0.2875,0.4667,0.6583,0.4500,0.7500,0.1500
37,0.0500,0.3625,0.4667,0.6583,0.4500,0.7500,0.2000
38,0.0500,0.3625,0.4667,0.6583,0.4500,0.7500,0.3000
39,0.0667,0.4000,0.4667,0.6583,0.4500,0.7500,0.5000
40,0.1000,0.4417,0.4667,0.6583,0.4500,0.7500,0.5833
41,0.2167,0.6625,0.4667,0.6583,0.4500,0.7500,0.6333
42,0.2667,0.7375,0.4667,0.6583,0.4500,0.7500,0.7000
43,0.3167,0.8125,0.4667,0.6583,0.4500,0.7500,0.7667
44,0.4000,0.8542,0.4667,0.6583,0.4500,0.7500,0.8167
45,0.5000,0.8875,0.4667,0.6583,0.4500,0.7500,0.9000
46,0.5167,0.9250,0.4667,0.6583,0.4500,0.7500,0.9167
47,0.5833,0.9625,0.4667,0.6583,0.4500,0.7500,0.9333
48,0.6333,0.9625,0.4667,0.6583,0.4500,0.7500,0.9333
49,0.6833,0.9625,0.4667,0.6583,0.4500,0.7500,0.9333
50,0.7167,1.0000,0.4667,0.6583,0.4500,0.7500,0.9500
51,0.7500,1.0000,0.4667,0.6583,0.4500,0.7500,0.9500
52,0.7667,1.0000,0.4667,0.6583,0.4500,0.7500,0.9500
53,0.7667,1.0000,0.4667,0.6583,0.4500,0.7500,0.9667
54,0.8000,1.0000,0.4667,0.6583,0.4500,0.7500,0.9667
55,0.8667,1.0000,0.4667,0.6583,0.4500,0.7500,0.9667
56,0.8667,1.0000,0.4667,0.6583,0.4500,0.7500,0.9667
57,0.8667,1.0000,0.4667,0.6583,0.4500,0.7500,0.9667
58,0.8833,1.0000,0.4667,0.6583,0.4500,0.7500,0.9667
59,0.9000,1.0000,0.4667,0.6583,0.4500,0.7500,0.9667
